PatientID,Email,IPAddress
8FJ1DY8EK59,gpunshon0@macromedia.com,18.230.240.248
2H95UU4EA28,mwaldie1@stanford.edu,122.239.191.15
1Q30XX3TJ43,ihuebner2@virginia.edu,68.247.212.13
7TJ3NN7CC12,raleksandrov3@senate.gov,29.200.24.237
2WC0T19HD84,ezamora4@telegraph.co.uk,59.253.151.240
7FG4GW4JD13,gledingham5@china.com.cn,64.147.164.36
4WF0P32NP77,dkeeltagh6@gmpg.org,161.3.77.166
4VJ4WN5KY67,edaenen7@fastcompany.com,126.143.128.168
7RG0GW8QU89,bclearley8@bandcamp.com,50.45.4.51
9PV0HF4AQ29,mcardoso9@imageshack.us,173.10.144.12
7K35NE3UY53,mmacpaika@va.gov,180.93.236.219
3P84GA8AE00,nkleslb@purevolume.com,118.83.10.148
6XF2TC3ED64,dbartalinc@omniture.com,135.89.103.134
5QA1YX2VV11,psalvadord@guardian.co.uk,70.111.239.6
3A18W79QD65,ogrubye@tmall.com,211.156.156.14
7R44J39RA29,gjuniperf@buzzfeed.com,0.97.144.255
3J10FG9XY47,nlongog@hc360.com,118.198.164.200
8T55YN7YV65,lfathersh@mozilla.org,164.181.233.25
6KV6FU1QR57,ahutchingsi@rediff.com,171.19.19.6
4GG2D86EX47,bjacmardj@webmd.com,250.78.212.81
8N04A12VR19,jfenelowk@chron.com,137.48.238.87
7CR1D81VX78,tperuttol@i2i.jp,67.196.91.71
4ME1JY6PH97,rrowledgem@com.com,195.212.179.188
3UQ8M54KX49,barnautn@etsy.com,98.196.183.145
3RQ4TT7XG22,cfladeo@berkeley.edu,205.124.252.107
1UD6RY0WN45,rstocksp@washington.edu,8.144.137.133
9Q28JQ3AV34,twalklottq@redcross.org,93.82.74.105
5V45GY7QY85,dbeesr@google.com.hk,21.100.128.55
8Q31D07YH94,mbinnes@github.io,81.165.188.208
6C46GV9NU28,rpeschkat@wsj.com,53.225.202.81
5TK9KM8DQ49,hjakawayu@trellian.com,251.101.193.132
5Y82A06UG52,thobgenv@shareasale.com,196.173.66.140
7Y44K01RE44,mbrendew@prlog.org,182.144.161.201
7X14R43FG16,mobalx@google.cn,248.17.127.78
9R47X49JN53,pbrooksbanky@blogger.com,101.222.174.110
9QM4QE7MT01,bmacmeartyz@discovery.com,254.46.102.55
1K44JH6JD58,sdufaur10@google.cn,71.100.118.177
7DQ5M78GN71,bcuddehay11@nps.gov,184.233.132.36
6R70NH1XU79,bhunte12@opera.com,36.12.30.208
6QD7NR3VE84,msaturley13@51.la,110.52.237.234
4KC5K75TC91,adibatista14@oracle.com,67.129.52.127
3PA3F53QH22,vridett15@feedburner.com,64.35.80.97
7QW6PA0EF61,gadamek16@paypal.com,68.94.145.55
4GN2T96GH02,lcurm17@nationalgeographic.com,123.167.74.165
1T00M82VV19,scotman18@mozilla.com,128.69.86.6
2G47TC6GE99,ghaslocke19@cafepress.com,241.228.46.38
2F89KR5JY36,womullally1a@list-manage.com,94.19.96.255
3QN7D15VY17,edetocqueville1b@1und1.de,79.144.51.26
4K13WJ5GQ65,gdruitt1c@statcounter.com,101.215.119.159
3V15Y10NN79,mfinnick1d@simplemachines.org,96.178.16.82
1AC0HY8NY47,rmarston1e@oracle.com,145.169.155.139
1WU2NE3PU54,jpetras1f@google.ru,116.131.231.156
5C11P63VF14,aewbanke1g@jigsy.com,13.70.100.193
5YR7WH6FE97,tkimberly1h@imageshack.us,228.105.28.27
3YW9DY2PC61,abrignall1i@smugmug.com,176.225.46.164
5F02ND0XU77,tyoule1j@jiathis.com,167.241.75.189
9JQ5AQ2DC56,dseeney1k@mit.edu,26.102.88.109
5Q41NA3RR97,bmackomb1l@house.gov,215.131.30.143
4GW3U86UD09,mlecointe1m@examiner.com,210.130.13.127
2TX0G90EH17,wgingell1n@hostgator.com,129.147.9.84
9D55VE3NC31,smaddox1o@hud.gov,244.33.251.54
1YF7U29EK49,dpeppett1p@bbb.org,64.0.34.63
1TR4NQ7YM99,vcoolahan1q@moonfruit.com,32.4.67.228
3VW0NW2MF59,mkrinks1r@bluehost.com,78.160.81.146
7VH9DA8EE80,hkarlolczak1s@oaic.gov.au,198.155.188.199
8M92UT2AQ47,cgorringe1t@ox.ac.uk,121.99.175.198
3CG4VX8AR92,abrinsden1u@google.com.hk,28.16.104.101
7VT5YR8YW33,abolle1v@issuu.com,139.62.196.224
9W55TR6PH91,ksandes1w@google.co.jp,194.145.206.84
4E88UW4GC23,lroderham1x@ask.com,150.194.156.78
8EC2AU6JV33,dlearmount1y@ft.com,143.200.204.51
1C65J66QD62,mtween1z@drupal.org,41.177.193.48
1Y77EW7AM47,arivelon20@admin.ch,116.149.107.128
9UW7EV9TU57,cbusch21@spotify.com,243.17.90.163
5Y69UX4XU24,lwabersich22@deviantart.com,145.57.91.39
8WP9CJ1KQ43,asandcroft23@ftc.gov,226.134.114.254
5KA3DN9PQ50,aimlen24@youku.com,179.8.2.56
2AR5TF2XU41,ctrewin25@xing.com,144.152.24.125
1U62XY5KA98,cberdale26@guardian.co.uk,76.64.149.163
1G23K55XX88,qducroe27@reuters.com,156.255.14.37
5RN1CK4KG60,nnotton28@google.es,21.178.143.235
4J40WD5KE74,ajerosch29@surveymonkey.com,217.23.64.249
6H57KJ1RN29,usevier2a@woothemes.com,219.19.183.246
6RJ8JE4HE86,vinnwood2b@sbwire.com,198.74.14.201
8TY5J92EX38,cfergie2c@jalbum.net,180.179.41.250
6T71WR3TE63,nmcinteer2d@mozilla.org,252.91.46.188
5Q58T30FE96,atreske2e@blogspot.com,168.34.45.36
5KK7AC4UH98,mcoventry2f@youtu.be,61.83.126.224
1D63NU1KY25,amouncher2g@woothemes.com,205.244.162.233
5J14NF0EF63,mtremoulet2h@businessweek.com,237.136.0.144
9PR8RV2FK67,djahns2i@barnesandnoble.com,110.239.80.12
7GT2XC9PG39,aduff2j@list-manage.com,152.119.185.190
1CX1RP0NK17,mcammis2k@bandcamp.com,119.69.83.231
7V01RR9AN04,edelahay2l@globo.com,55.207.79.203
5N69P07AE78,ecopsey2m@tamu.edu,247.77.249.78
1P48G54XV25,badvani2n@buzzfeed.com,164.237.107.37
1RN0QQ1TU75,lboulstridge2o@nifty.com,119.56.40.33
5JP5TD2JW56,dhoulaghan2p@example.com,52.167.5.236
5HH3F32FM06,eniemiec2q@alibaba.com,96.214.231.73
1RJ3E06RW78,fleblond2r@xing.com,98.34.147.159
3W92VR8VX37,dbloom2s@jimdo.com,25.180.251.181
2UP8JC6XW73,xdelhay2t@examiner.com,175.127.121.86
6H88RP6KE70,gmacey2u@yellowpages.com,51.31.59.139
4W34WC2VC42,pwrates2v@mtv.com,224.27.58.234
5HU3F54TD09,tbridgwood2w@buzzfeed.com,229.36.122.150
8UP0CX8WU30,mbaughen2x@geocities.jp,178.33.215.209
8RX9JR8VC94,sroscoe2y@techcrunch.com,20.63.135.33
1FE0E13XG79,rflucker2z@prnewswire.com,10.113.155.122
1E47QX4CT79,pcoy30@zimbio.com,223.187.172.32
4M76RA9HP88,zbryning31@yelp.com,54.62.250.134
9U93YQ8KX17,ddeacock32@timesonline.co.uk,156.155.34.18
7PX8R97PK54,mauguste33@cmu.edu,57.151.57.209
1QT4UF2ER12,dmacieja34@alibaba.com,84.207.45.213
3FR3AU2DN27,rdickerline35@blogspot.com,70.232.186.180
9VU8RX0JG85,fcampbell36@cnn.com,7.27.13.100
7A16H28FF63,cgerbi37@apple.com,195.229.9.67
6VR1F96JV05,greid38@t-online.de,93.3.152.190
8XR8NQ3XR46,rwatsonbrown39@t-online.de,81.180.230.237
8E26KE5RY26,rmurrock3a@pbs.org,56.58.186.219
6VT8AK0PA89,jpople3b@dyndns.org,111.179.11.169
2CT5GD2GJ99,akivits3c@vkontakte.ru,205.117.93.201
8K73FP3TH66,jjanku3d@redcross.org,112.75.106.141
6P13J65HF86,fwratten3e@people.com.cn,243.54.236.95
5J69J81FQ42,amolson3f@oaic.gov.au,185.142.250.131
5CA1R19KK50,mjoye3g@mtv.com,30.155.100.204
1NR1K16NQ46,kmartinez3h@deviantart.com,76.41.178.71
1HV9JK5MY67,vewen3i@liveinternet.ru,178.255.15.47
3ER7F20TF21,kforsdicke3j@hugedomains.com,46.0.66.150
5CT5GQ0PV39,mdengate3k@blog.com,134.124.21.89
7YF2M64AW13,bpagram3l@nifty.com,249.181.233.146
2K62QJ6AC87,rmctavy3m@shop-pro.jp,4.121.191.19
8FR3AR3TH28,grafe3n@theguardian.com,197.37.190.180
8WP3UW9DA70,atrunchion3o@patch.com,9.183.83.36
7H75UF9TP93,bchallice3p@opensource.org,177.193.46.149
3NV0MA9NU99,lanshell3q@e-recht24.de,49.6.232.234
6EP5U01VQ90,wmicco3r@i2i.jp,82.39.246.118
2CN0WP9UT53,gwalkling3s@wordpress.org,178.68.128.76
3MH8FE8CT78,kbuttriss3t@walmart.com,49.1.213.23
2D53V48XW30,gfilyaev3u@fotki.com,11.190.203.243
3MY1A35VM31,cburling3v@bloomberg.com,164.27.11.17
7VW5NX4JD85,ypyrah3w@tmall.com,207.150.88.130
6PM1Y28NJ19,aposselt3x@people.com.cn,18.49.42.11
8FK5KE6QA22,gvalenti3y@independent.co.uk,242.225.78.199
3QX5T22QX19,melam3z@typepad.com,145.237.134.241
5U52JN0RX53,pshippey40@ucsd.edu,132.219.139.73
3YF7F22CY76,ksergant41@topsy.com,146.81.222.75
6XA3V46QK61,gsollime42@illinois.edu,73.183.0.173
4M91EW7VD30,rgodwyn43@hexun.com,179.50.23.118
3DJ6MG1MW45,fdrissell44@loc.gov,35.205.113.99
5XF1QT9UW92,astanley45@cam.ac.uk,29.35.121.22
4WD3A67PQ08,rcoley46@simplemachines.org,162.81.24.102
2K94QE0QJ33,ccomiam47@eepurl.com,202.9.248.29
3RD0V47EG45,dcotgrove48@google.cn,76.135.176.196
9QQ6PA4QM71,gfisher49@blinklist.com,225.180.235.48
8RQ0RD4MJ29,tcallar4a@theguardian.com,89.88.231.103
5A76KW3DV92,lbryceson4b@51.la,217.182.39.84
1Q06AF1YR08,pgregon4c@stumbleupon.com,12.214.120.119
5YP9XK1VT51,tmcmanamen4d@walmart.com,69.201.141.93
3FP9U76HF03,ccastello4e@harvard.edu,78.81.91.188
5UN2YD4UG52,fissatt4f@microsoft.com,166.149.20.250
4WF9K74QR86,jmiddleweek4g@pinterest.com,170.128.83.102
1AH7XY0KY03,jdykes4h@freewebs.com,200.204.233.38
8W63WF8YD44,bketcher4i@ucoz.com,181.88.209.235
7PE5YY9XK09,jglass4j@rambler.ru,201.45.20.181
8XW0X59JG97,iforcade4k@businessweek.com,125.131.214.118
8N42QX4RD21,sbotham4l@goodreads.com,107.42.128.33
3GP6H56CV31,vforeman4m@cornell.edu,54.109.78.118
5K24E51HD07,mblick4n@mapy.cz,226.40.227.56
1MY8ND6GA35,kposten4o@gmpg.org,59.129.238.209
4JG5VP7WN52,sgummow4p@studiopress.com,249.129.130.81
1U38R72DC12,pduckerin4q@opera.com,123.18.120.8
5UY2JU8MH24,wlangman4r@phpbb.com,35.220.166.243
5PR1QM7XX84,bbalser4s@answers.com,69.225.155.209
9YU8E94RP71,kcharity4t@nationalgeographic.com,23.184.159.55
6PT4TK6HK87,hcarnaman4u@oracle.com,66.103.111.119
7M04AQ9AY89,huren4v@goo.ne.jp,149.70.57.116
9EH4UC5KP61,bivey4w@google.es,28.192.49.185
6RD7UK7PH75,mbosden4x@ucla.edu,73.95.246.170
5U22UP5WX43,klevison4y@xing.com,226.243.174.82
9MA0WD9NF15,ntennet4z@newsvine.com,108.129.178.248
9RC9MU1PM66,jmacintosh50@theguardian.com,142.206.194.192
1XC2YA8AG95,bgatch51@mlb.com,249.13.80.43
8FX4UQ4KD27,fgearing52@mayoclinic.com,96.39.146.119
2K92J25DJ59,gbucky53@bbc.co.uk,131.200.142.99
2CD7YT3RM62,crahl54@over-blog.com,33.71.60.133
3CG7AX8JK12,thearle55@ucoz.com,130.4.113.150
4YN4F76CV56,jbratten56@skype.com,110.218.86.75
4PG9MF8AW07,amargett57@columbia.edu,185.87.224.22
7UG5XD4TV65,tmudge58@webmd.com,145.31.226.82
9EG9F75AK28,gabbet59@g.co,180.145.246.47
7N69TU5GG17,londrusek5a@wordpress.org,179.198.227.165
5TJ7MV6CN09,bimlock5b@hostgator.com,42.66.49.112
2YJ9E15CQ18,kibbitt5c@tiny.cc,73.216.106.78
3TV8EY5WY98,daguilar5d@wix.com,99.196.81.100
2UQ2HF3TD26,bdriscoll5e@theatlantic.com,176.210.24.54
4JX8YV8JJ81,jvayne5f@amazonaws.com,155.207.25.193
2WM4FJ1DT41,amyrie5g@soup.io,28.6.219.173
4P54KU7GC38,snend5h@wikia.com,169.83.91.161
5DR9F34DQ67,fberthome5i@nhs.uk,34.49.95.99
2PW7G35VN88,rmacrorie5j@ovh.net,169.200.122.202
3VP1K81RA50,imallows5k@shop-pro.jp,221.234.37.7
1DK9XE6KR72,sphilipet5l@scientificamerican.com,43.230.22.88
9E35EF9AJ96,ljirsa5m@umn.edu,29.147.27.87
5GD4CG7YN46,kthemann5n@youtu.be,128.1.96.79
8NK7YH4HU31,pmanntschke5o@usa.gov,5.132.160.19
7HR9WD7VA12,fbernardotte5p@dailymail.co.uk,200.169.87.139
5A40YQ2DT39,lcometti5q@sohu.com,58.107.208.205
1NK3DN2HV23,etopley5r@parallels.com,122.187.14.132
2A70JJ2XG94,jhindenburg5s@mlb.com,38.72.127.240
2EK9NY5YF61,ahazley5t@booking.com,53.215.29.53
2FP4P25PE04,vbaigent5u@auda.org.au,28.68.186.168
8D55WC1YP86,mpaffot5v@alibaba.com,106.153.175.31
3G40JW5JN42,socrotty5w@weather.com,142.245.187.208
6K08CC0JA05,tbatt5x@hexun.com,246.40.71.8
5HQ9K04UU50,gnoteyoung5y@spiegel.de,248.240.125.219
5RJ2JF5RP17,jjindrak5z@chron.com,92.32.70.193
3N34UJ8EU17,salenov60@list-manage.com,235.225.162.23
8M42W66HF43,pcornewell61@creativecommons.org,99.250.76.149
6M36HD3KV75,rdensumbe62@ustream.tv,202.161.160.17
5G15Y95AW92,pdyer63@noaa.gov,71.150.22.25
8HT5YV2KP24,eweatherdon64@weibo.com,126.232.158.10
5KV1MX7PQ82,sbellefonte65@jigsy.com,211.112.224.152
3V97E25CA60,wmccosh66@bandcamp.com,54.203.90.23
4VW7T65DA48,ebras67@ocn.ne.jp,158.99.13.79
3P77VJ9TD91,dgreenshiels68@stumbleupon.com,4.208.4.64
8M90DP0GP83,cjerromes69@hc360.com,17.108.143.35
9JV2XT6NE43,gscrange6a@toplist.cz,20.205.232.153
3AG7KU6WG93,mlackey6b@stumbleupon.com,115.7.245.19
9M79XD9MQ70,folding6c@hostgator.com,126.202.151.249
1GQ7PA0PU47,gcords6d@reuters.com,63.69.122.29
1GP7DY1EP65,aolivetti6e@ed.gov,157.50.22.152
9D51HY8VV53,sfrany6f@nasa.gov,50.92.27.193
9R98PR8YF48,ahaddon6g@ft.com,158.44.130.235
3QX0RY0XP27,rblakeden6h@addthis.com,101.91.63.165
3DY1K65AG29,nlynett6i@alexa.com,73.52.149.24
1YX8DG9UY96,dpatria6j@sphinn.com,122.228.123.28
4EN3UQ4VF28,epoundford6k@fema.gov,207.94.194.113
8UJ4R47GA59,echmiel6l@so-net.ne.jp,80.162.37.27
3N55WW1FR12,astorm6m@cargocollective.com,11.81.62.33
6T84VT6TW74,nmckearnen6n@tripod.com,226.56.138.237
7TJ2AH0JM25,dwhyborne6o@mlb.com,203.130.21.24
3D82DC0XV23,hcorradi6p@google.co.jp,224.15.119.54
9QK5PD5HY97,gpalser6q@dailymail.co.uk,132.173.124.149
4K36EF5AM12,agoude6r@ow.ly,20.207.89.154
9YN7QH5HR38,imenguy6s@ezinearticles.com,206.68.84.144
4NJ8Q50UQ40,llutwidge6t@thetimes.co.uk,15.87.44.22
8G46P42HR60,rgiorgione6u@si.edu,22.42.57.125
5VX3QG1GD43,mbowich6v@altervista.org,127.120.200.69
5WJ8Y47MT28,gschoenfisch6w@pinterest.com,247.79.230.119
7JC3U32DY65,jgratrix6x@so-net.ne.jp,155.68.73.94
9MJ1NG7RD61,bclaeskens6y@jiathis.com,96.100.116.212
6TU0X62FK60,jdrayton6z@elpais.com,161.132.44.165
6PE9WW3GG78,mchampkins70@youtube.com,120.201.58.128
5D09TR3CF52,bbamlett71@biblegateway.com,230.6.43.47
8XA8RM4TX94,mcouch72@biblegateway.com,110.206.40.115
7QR3YM8VU31,gmerveille73@g.co,216.219.239.220
7CQ0K99DQ01,vlibby74@fastcompany.com,173.211.47.152
1AK4W63AD35,spaeckmeyer75@xrea.com,106.238.116.203
3NA6VV9GM08,dfilippozzi76@jimdo.com,121.208.79.193
4C69F81UQ34,acornelisse77@washingtonpost.com,153.184.130.72
1FY6T68AT77,askeemor78@answers.com,230.238.184.148
6D43EK2PM85,goconnell79@blog.com,81.69.156.112
6GA0PD1TU55,akruger7a@icq.com,196.118.186.22
9UN9N25TF96,rruoff7b@baidu.com,2.54.172.69
4XP4AJ8JT55,lwhebell7c@hao123.com,142.70.212.149
9CD3DK0WX34,ijanaszkiewicz7d@gravatar.com,80.120.34.1
4QA6MH0WW07,opetford7e@ehow.com,53.106.55.245
6PH4N49PA69,rcousans7f@usda.gov,178.55.241.182
8AC6Y61RC32,lbacken7g@wikimedia.org,24.97.191.104
8VP6UY0XT66,mrodbourne7h@cnbc.com,213.108.246.201
6V07WJ5FR45,bgoodrick7i@harvard.edu,165.213.82.172
1U13J41UX43,gverdun7j@moonfruit.com,86.125.172.127
3CJ8PE5NW03,ablakey7k@icio.us,204.7.232.96
6RY1FE0EX14,ssaladin7l@shinystat.com,86.170.28.47
9HR2VY7AY17,cwoollett7m@ovh.net,80.86.220.169
3K01KE7AM13,cplows7n@indiegogo.com,194.85.90.196
4V02JW3UD55,uhexam7o@oakley.com,87.12.8.37
7XX5N54GM83,smclorinan7p@sbwire.com,119.26.174.121
4EN4V79UX36,fkorneichuk7q@bloglovin.com,214.5.108.153
9DQ7WX5WD40,hgrimsell7r@archive.org,192.124.185.117
5CK9EE4VC14,lchater7s@wp.com,232.35.70.129
9GU4QA6DP99,jhalksworth7t@miitbeian.gov.cn,59.146.0.27
2RC5P36UJ10,kfley7u@eventbrite.com,72.178.41.255
6X08DC3EE72,ulanfranconi7v@naver.com,153.215.230.96
2QE4CT5RT46,hsenecaut7w@ovh.net,238.161.133.243
1MV5AJ1XA84,ftatterton7x@yahoo.co.jp,179.37.237.168
9HC0X62VE51,lheugle7y@hud.gov,6.67.20.215
4U45FW5ER06,sfrankcomb7z@archive.org,143.155.63.84
9RK6VR9NF01,fjardin80@reddit.com,190.113.175.78
9XU6GT5DG22,ebernardos81@gmpg.org,234.59.14.212
6X21X82MA05,abonehill82@berkeley.edu,185.216.245.92
3FW8FV9EJ44,cbursnoll83@sohu.com,229.200.194.249
2JW0NM0EM90,cdoxsey84@va.gov,214.249.188.131
3U00EU6WF25,mpaik85@thetimes.co.uk,93.191.85.75
1GK6FX8YF42,ymorcom86@hc360.com,26.152.141.125
2DD5X70MA09,wfreckleton87@hc360.com,140.223.17.107
8VE7KP0JH85,krickets88@mozilla.com,20.145.246.229
8FC4AP7YK93,jrolin89@si.edu,48.15.236.205
3GN7NX3HQ56,amapplethorpe8a@constantcontact.com,194.7.178.236
5V30HC0CA18,wfeldmesser8b@networkadvertising.org,87.55.10.52
3WW1V22TN45,xleddie8c@mashable.com,65.46.205.30
1KM0HJ0WD74,hlydiatt8d@sakura.ne.jp,232.191.81.119
9RK2GW0AV92,amacintosh8e@simplemachines.org,189.52.44.47
8CD5RK3KE56,tmanshaw8f@usa.gov,131.90.12.205
2GN5FK0WW25,cmiles8g@statcounter.com,177.30.169.99
6A29WE0VQ43,vhabens8h@stumbleupon.com,152.81.237.148
3H92CC8ME82,cofinan8i@hexun.com,205.131.216.167
1HF5YV0FX12,glilford8j@alexa.com,44.49.255.133
7YA5M91DD81,dcafferty8k@technorati.com,197.3.30.78
2PJ5K10VP17,mgresham8l@youku.com,44.166.10.83
6RN6AW6DJ51,dtorri8m@salon.com,68.213.99.23
6GT5UN0RN26,bknappitt8n@w3.org,184.0.191.253
6VW7DP1GM28,lmcwhinney8o@wix.com,34.25.229.228
5NW8KR7TU92,tsholem8p@mozilla.org,23.99.115.29
3DM3K80CK46,snormanell8q@spotify.com,26.25.239.127
7WT9U07TX90,ojeremaes8r@techcrunch.com,101.213.210.10
6NX8NW8GF64,adobbs8s@bbc.co.uk,93.226.202.9
6K37P80DN95,jbarhims8t@t.co,91.59.75.179
2R79V87FG29,jbramall8u@artisteer.com,104.121.162.135
6D93ME4GT28,lshingler8v@europa.eu,43.186.253.142
7E80NJ4TY92,rentres8w@cafepress.com,64.140.128.48
5XW6YU0GY69,nwinsor8x@mediafire.com,249.21.1.79
2HW1M64KT77,dharmstone8y@altervista.org,205.92.44.163
8N43TC0WE74,wmccaughen8z@imageshack.us,54.135.92.50
3MN1YF5UC28,igagie90@hc360.com,210.112.174.221
3HY1R27UC86,atouson91@list-manage.com,84.19.153.198
1D64C26RK29,ccallar92@bloglines.com,250.196.228.24
4RN9DD1TM65,dbernardy93@google.ca,120.227.223.203
8YR1Y73WG27,rtarbet94@g.co,246.159.41.240
7H82Q27DF78,jscoffham95@miibeian.gov.cn,178.143.130.83
5XY1H74CD86,aohagan96@ehow.com,249.163.215.157
4XM5C60DJ66,mseden97@drupal.org,90.39.8.201
9Y21Y11JF18,crome98@dedecms.com,11.107.148.73
3G81PD6CM22,cwheway99@wisc.edu,20.107.95.151
3J78Q73MD78,cfaiers9a@weather.com,194.236.123.111
3UC7T34KQ73,jvizor9b@soup.io,191.25.192.53
4M26DD3YE08,stilburn9c@edublogs.org,52.89.14.133
8JT8AR6KQ95,ncharpin9d@sohu.com,211.67.191.206
8CA7Q34UD10,ebrooking9e@tinypic.com,222.73.32.197
4W65RE6UG89,dseivertsen9f@ibm.com,62.84.168.234
3DM8Q68UW98,kcarlucci9g@bizjournals.com,68.51.166.80
8H41TF0UC79,gcissell9h@livejournal.com,44.62.210.15
7R02EU5QD12,bgouda9i@webnode.com,121.206.244.102
3Q01MV3DV62,rvashchenko9j@webmd.com,127.239.113.185
5X76XR6UG88,nshrigley9k@reddit.com,231.117.241.164
1TE3KX3VH72,rmeffan9l@hibu.com,235.154.186.17
1N85V58UU13,bdominguez9m@washingtonpost.com,98.18.159.123
4K94Q40VC22,pmaccraw9n@google.com.br,204.185.48.175
4AK1EX4ME20,msilvers9o@digg.com,178.72.65.79
